transition,model_path,data_csv,n_rows,proba_min,proba_max,proba_mean,accuracy,precision,recall,f1_smoke,error
EI,training/models/autogluon_ei,data/data_ei.csv,300,1.2062872656315449e-06,1.0,0.3889179737864121,0.9733333333333334,0.9655172413793104,0.9655172413793104,0.9655172413793104,
EZ,training/models/autogluon_ez,data/data_ez.csv,300,0.049230270087718964,0.7833988666534424,0.5135583555201689,0.74,0.6666666666666666,0.9803921568627451,0.7936507936507936,
IE,training/models/autogluon_ie,data/data_ie.csv,300,5.657445854012622e-07,0.9999998211860657,0.3818924947442588,0.99,0.991304347826087,0.9827586206896551,0.9870129870129869,
ZE,training/models/autogluon_ze,data/data_ze.csv,300,0.1469622552394867,0.7176822423934937,0.47707063337167105,0.7233333333333334,0.7108433734939759,0.7712418300653595,0.7398119122257053,
